Transaction ID,Date,Gender,Age,Age Group,Product Category,Product Name,Quantity,Price per Unit,Total Amount
1,11/24/2023,Male,34,Middle Age,Beauty,Perfume,3,50,150
2,2/27/2023,Female,26,Adolescent,Clothing,Cap,2,500,1000
3,1/13/2023,Male,50,Middle Age,Electronics,Laptop,1,30,30
4,5/21/2023,Male,37,Middle Age,Clothing,Cap,1,500,500
5,05/06/2023,Male,30,Adolescent,Beauty,Perfume,2,50,100
6,4/25/2023,Female,45,Middle Age,Beauty,Cream,1,30,30
7,3/13/2023,Male,46,Middle Age,Clothing,T-Shirt,2,25,50
8,2/22/2023,Male,30,Adolescent,Electronics,Headphones,4,25,100
9,12/13/2023,Male,63,Old,Electronics,Laptop,2,300,600
10,10/07/2023,Female,52,Middle Age,Clothing,Cap,4,50,200
11,2/14/2023,Male,23,Adolescent,Clothing,T-Shirt,2,50,100
12,10/30/2023,Male,35,Middle Age,Beauty,Cream,3,25,75
13,08/05/2023,Male,22,Adolescent,Electronics,Laptop,3,500,1500
14,1/17/2023,Male,64,Old,Clothing,Cap,4,30,120
15,1/16/2023,Female,42,Middle Age,Electronics,Laptop,4,500,2000
16,2/17/2023,Male,19,Adolescent,Clothing,Cap,3,500,1500
17,4/22/2023,Female,27,Adolescent,Clothing,T-Shirt,4,25,100
18,4/30/2023,Female,47,Middle Age,Electronics,Headphones,2,25,50
19,9/16/2023,Female,62,Old,Clothing,T-Shirt,2,25,50
20,11/05/2023,Male,22,Adolescent,Clothing,Cap,3,300,900
21,1/14/2023,Female,50,Middle Age,Beauty,Perfume,1,500,500
22,10/15/2023,Male,18,Adolescent,Clothing,Cap,2,50,100
23,04/12/2023,Female,35,Middle Age,Clothing,T-Shirt,4,30,120
24,11/29/2023,Female,49,Middle Age,Clothing,Cap,1,300,300
25,12/26/2023,Female,64,Old,Beauty,Perfume,1,50,50
26,10/07/2023,Female,28,Adolescent,Electronics,Headphones,2,500,1000
27,08/03/2023,Female,38,Middle Age,Beauty,Perfume,2,25,50
28,4/23/2023,Female,43,Middle Age,Beauty,Cream,1,500,500
29,8/18/2023,Female,42,Middle Age,Electronics,Laptop,1,30,30
30,10/29/2023,Female,39,Middle Age,Beauty,Cream,3,300,900
31,5/23/2023,Male,44,Middle Age,Electronics,Laptop,4,300,1200
32,01/04/2023,Male,30,Adolescent,Beauty,Cream,3,30,90
33,3/23/2023,Female,50,Middle Age,Electronics,Laptop,2,50,100
34,12/24/2023,Female,51,Middle Age,Clothing,Cap,3,50,150
35,08/05/2023,Female,58,Old,Beauty,Perfume,3,300,900
36,6/24/2023,Male,52,Middle Age,Beauty,Cream,3,300,900
37,5/23/2023,Female,18,Adolescent,Beauty,Perfume,3,25,75
38,3/21/2023,Male,38,Middle Age,Beauty,Cream,4,50,200
39,4/21/2023,Male,23,Adolescent,Clothing,T-Shirt,4,30,120
40,6/22/2023,Male,45,Middle Age,Beauty,Cream,1,50,50
41,2/22/2023,Male,34,Middle Age,Clothing,T-Shirt,2,25,50
42,2/17/2023,Male,22,Adolescent,Clothing,Cap,3,300,900
43,7/14/2023,Female,48,Middle Age,Clothing,T-Shirt,1,300,300
44,2/19/2023,Female,22,Adolescent,Clothing,Cap,1,25,25
45,07/03/2023,Female,55,Old,Electronics,Laptop,1,30,30
46,6/26/2023,Female,20,Adolescent,Electronics,Headphones,4,300,1200
47,11/06/2023,Female,40,Middle Age,Beauty,Perfume,3,500,1500
48,5/16/2023,Male,54,Middle Age,Electronics,Headphones,3,300,900
49,1/23/2023,Female,54,Middle Age,Electronics,Laptop,2,500,1000
50,8/24/2023,Female,27,Adolescent,Beauty,Cream,3,25,75
51,10/02/2023,Male,27,Adolescent,Beauty,Perfume,3,25,75
52,03/05/2023,Female,36,Middle Age,Beauty,Cream,1,300,300
53,7/13/2023,Male,34,Middle Age,Electronics,Laptop,2,50,100
54,02/10/2023,Female,38,Middle Age,Electronics,Headphones,3,500,1500
55,10/10/2023,Male,31,Adolescent,Beauty,Perfume,4,30,120
56,5/31/2023,Female,26,Adolescent,Clothing,Cap,3,300,900
57,11/18/2023,Female,63,Old,Beauty,Perfume,1,30,30
58,11/13/2023,Male,18,Adolescent,Clothing,Cap,4,300,1200
59,07/05/2023,Male,62,Old,Clothing,T-Shirt,1,50,50
60,10/23/2023,Male,30,Adolescent,Beauty,Cream,3,50,150
61,04/09/2023,Male,21,Adolescent,Beauty,Perfume,4,50,200
62,12/27/2023,Male,18,Adolescent,Beauty,Cream,2,50,100
63,02/05/2023,Male,57,Old,Electronics,Laptop,2,25,50
64,1/24/2023,Male,49,Middle Age,Clothing,Cap,4,25,100
65,12/05/2023,Male,51,Middle Age,Electronics,Laptop,4,500,2000
66,4/27/2023,Female,45,Middle Age,Electronics,Headphones,1,30,30
67,5/29/2023,Female,48,Middle Age,Beauty,Perfume,4,300,1200
68,02/10/2023,Male,25,Adolescent,Electronics,Headphones,1,300,300
69,4/30/2023,Female,56,Old,Beauty,Perfume,3,25,75
70,2/21/2023,Female,43,Middle Age,Clothing,Cap,1,300,300
71,7/14/2023,Female,51,Middle Age,Beauty,Perfume,4,25,100
72,5/23/2023,Female,20,Adolescent,Electronics,Headphones,4,500,2000
73,8/21/2023,Male,29,Adolescent,Electronics,Laptop,3,30,90
74,11/22/2023,Female,18,Adolescent,Beauty,Cream,4,500,2000
75,07/06/2023,Male,61,Old,Beauty,Perfume,4,50,200
76,3/25/2023,Female,22,Adolescent,Electronics,Headphones,2,50,100
77,07/09/2023,Female,47,Middle Age,Clothing,T-Shirt,2,50,100
78,07/01/2023,Female,47,Middle Age,Clothing,Cap,3,500,1500
79,4/18/2023,Male,34,Middle Age,Beauty,Perfume,1,300,300
80,12/10/2023,Female,64,Old,Clothing,Cap,2,30,60
81,5/17/2023,Male,40,Middle Age,Electronics,Laptop,1,50,50
82,12/26/2023,Female,32,Middle Age,Beauty,Cream,4,50,200
83,12/16/2023,Male,54,Middle Age,Electronics,Laptop,2,50,100
84,11/28/2023,Female,38,Middle Age,Electronics,Headphones,3,30,90
85,02/06/2023,Male,31,Adolescent,Clothing,T-Shirt,3,50,150
86,11/08/2023,Male,19,Adolescent,Beauty,Cream,3,30,90
87,11/22/2023,Female,28,Adolescent,Beauty,Perfume,2,50,100
88,3/29/2023,Male,56,Old,Clothing,Cap,1,500,500
89,10/01/2023,Female,55,Old,Electronics,Laptop,4,500,2000
90,05/06/2023,Female,51,Middle Age,Electronics,Headphones,1,30,30
91,3/25/2023,Female,55,Old,Electronics,Laptop,1,500,500
92,8/25/2023,Female,51,Middle Age,Electronics,Headphones,4,30,120
93,7/14/2023,Female,35,Middle Age,Beauty,Perfume,4,500,2000
94,5/19/2023,Female,47,Middle Age,Beauty,Cream,2,500,1000
95,11/24/2023,Female,32,Middle Age,Clothing,T-Shirt,2,30,60
96,12/19/2023,Female,44,Middle Age,Clothing,Cap,2,300,600
97,10/13/2023,Female,51,Middle Age,Beauty,Perfume,2,500,1000
98,4/23/2023,Female,55,Old,Beauty,Cream,2,50,100
99,12/17/2023,Female,50,Middle Age,Electronics,Laptop,4,300,1200
100,6/16/2023,Male,41,Middle Age,Electronics,Headphones,1,30,30
101,1/29/2023,Male,32,Middle Age,Clothing,T-Shirt,2,300,600
102,4/28/2023,Female,47,Middle Age,Beauty,Cream,2,25,50
103,1/17/2023,Female,59,Old,Clothing,T-Shirt,1,25,25
104,06/11/2023,Female,34,Middle Age,Beauty,Cream,2,500,1000
105,7/25/2023,Female,22,Adolescent,Electronics,Laptop,1,500,500
106,5/18/2023,Female,46,Middle Age,Clothing,Cap,1,50,50
107,02/03/2023,Female,21,Adolescent,Clothing,T-Shirt,4,300,1200
108,4/19/2023,Female,27,Adolescent,Beauty,Cream,3,25,75
109,10/18/2023,Female,34,Middle Age,Electronics,Laptop,4,500,2000
110,06/11/2023,Male,27,Adolescent,Clothing,Cap,3,300,900
111,4/19/2023,Female,34,Middle Age,Electronics,Laptop,3,500,1500
112,12/02/2023,Male,37,Middle Age,Clothing,Cap,3,500,1500
113,9/13/2023,Female,41,Middle Age,Electronics,Laptop,2,25,50
114,7/22/2023,Female,22,Adolescent,Beauty,Cream,4,25,100
115,11/26/2023,Male,51,Middle Age,Clothing,T-Shirt,3,500,1500
116,8/23/2023,Female,23,Adolescent,Clothing,Cap,1,30,30
117,3/15/2023,Male,19,Adolescent,Electronics,Laptop,2,500,1000
118,5/16/2023,Female,30,Adolescent,Electronics,Headphones,4,500,2000
119,3/13/2023,Female,60,Old,Clothing,T-Shirt,3,50,150
120,05/07/2023,Male,60,Old,Beauty,Cream,1,50,50
121,10/15/2023,Female,28,Adolescent,Electronics,Laptop,4,50,200
122,10/03/2023,Male,64,Old,Electronics,Headphones,4,30,120
123,5/15/2023,Female,40,Middle Age,Electronics,Laptop,2,30,60
124,10/27/2023,Male,33,Middle Age,Clothing,Cap,4,500,2000
125,08/08/2023,Male,48,Middle Age,Clothing,T-Shirt,2,50,100
126,10/26/2023,Female,28,Adolescent,Clothing,Cap,3,30,90
127,7/24/2023,Female,33,Middle Age,Clothing,T-Shirt,2,25,50
128,07/05/2023,Male,25,Adolescent,Beauty,Cream,1,500,500
129,4/23/2023,Female,21,Adolescent,Beauty,Perfume,2,300,600
130,03/12/2023,Female,57,Old,Clothing,Cap,1,500,500
131,9/18/2023,Female,21,Adolescent,Beauty,Perfume,2,300,600
132,09/10/2023,Male,42,Middle Age,Electronics,Headphones,4,50,200
133,2/16/2023,Male,20,Adolescent,Electronics,Laptop,3,300,900
134,1/25/2023,Male,49,Middle Age,Electronics,Headphones,1,50,50
135,2/26/2023,Male,20,Adolescent,Clothing,T-Shirt,2,25,50
136,3/20/2023,Male,44,Middle Age,Electronics,Headphones,2,300,600
137,11/18/2023,Male,46,Middle Age,Beauty,Perfume,2,500,1000
138,3/23/2023,Male,49,Middle Age,Clothing,Cap,4,50,200
139,12/15/2023,Male,36,Middle Age,Beauty,Perfume,4,500,2000
140,08/05/2023,Male,38,Middle Age,Electronics,Headphones,1,30,30
141,11/02/2023,Female,22,Adolescent,Electronics,Laptop,1,50,50
142,02/02/2023,Male,35,Middle Age,Electronics,Headphones,4,300,1200
143,7/17/2023,Female,45,Middle Age,Clothing,T-Shirt,1,50,50
144,7/15/2023,Female,59,Old,Beauty,Cream,3,500,1500
145,11/02/2023,Female,39,Middle Age,Clothing,T-Shirt,3,25,75
146,8/28/2023,Male,38,Middle Age,Clothing,Cap,4,50,200
147,9/28/2023,Male,23,Adolescent,Electronics,Laptop,1,300,300
148,05/09/2023,Male,18,Adolescent,Clothing,Cap,2,30,60
149,10/11/2023,Male,22,Adolescent,Clothing,T-Shirt,3,25,75
150,01/06/2023,Female,58,Old,Electronics,Headphones,4,30,120
151,12/15/2023,Male,29,Adolescent,Clothing,T-Shirt,1,50,50
152,2/28/2023,Male,43,Middle Age,Electronics,Headphones,4,500,2000
153,12/16/2023,Male,63,Old,Electronics,Laptop,2,500,1000
154,10/02/2023,Male,51,Middle Age,Electronics,Headphones,3,300,900
155,5/17/2023,Male,31,Adolescent,Electronics,Laptop,4,500,2000
156,11/25/2023,Female,43,Middle Age,Clothing,Cap,4,25,100
157,6/24/2023,Male,62,Old,Electronics,Laptop,4,500,2000
158,2/27/2023,Female,44,Middle Age,Electronics,Headphones,2,300,600
159,5/31/2023,Male,26,Adolescent,Clothing,T-Shirt,4,50,200
160,08/11/2023,Female,43,Middle Age,Clothing,Cap,2,50,100
161,3/22/2023,Male,64,Old,Beauty,Perfume,2,500,1000
162,8/21/2023,Male,39,Middle Age,Clothing,Cap,2,30,60
163,01/02/2023,Female,64,Old,Clothing,T-Shirt,3,50,150
164,5/15/2023,Female,47,Middle Age,Beauty,Cream,3,500,1500
165,9/14/2023,Female,60,Old,Clothing,T-Shirt,4,300,1200
166,04/02/2023,Male,34,Middle Age,Clothing,Cap,4,500,2000
167,9/17/2023,Female,43,Middle Age,Clothing,T-Shirt,3,50,150
168,2/24/2023,Male,53,Middle Age,Clothing,Cap,1,300,300
169,11/17/2023,Male,18,Adolescent,Beauty,Perfume,3,500,1500
170,06/02/2023,Female,25,Adolescent,Clothing,Cap,2,25,50
171,11/24/2023,Female,52,Middle Age,Clothing,T-Shirt,3,300,900
172,9/17/2023,Male,32,Middle Age,Beauty,Cream,2,25,50
173,11/08/2023,Male,64,Old,Electronics,Laptop,4,30,120
174,04/12/2023,Female,39,Middle Age,Beauty,Cream,1,300,300
175,3/20/2023,Female,31,Adolescent,Electronics,Laptop,4,25,100
176,07/11/2023,Female,43,Middle Age,Beauty,Cream,2,50,100
177,3/24/2023,Male,45,Middle Age,Beauty,Perfume,2,50,100
178,10/04/2023,Male,40,Middle Age,Clothing,Cap,2,30,60
179,9/29/2023,Male,31,Adolescent,Electronics,Laptop,1,300,300
180,01/01/2023,Male,41,Middle Age,Clothing,Cap,3,300,900
181,11/03/2023,Male,19,Adolescent,Electronics,Laptop,4,300,1200
182,6/15/2023,Male,62,Old,Beauty,Cream,4,30,120
183,09/08/2023,Female,43,Middle Age,Beauty,Perfume,3,300,900
184,01/10/2023,Male,31,Adolescent,Electronics,Headphones,4,50,200
185,2/27/2023,Male,24,Adolescent,Clothing,T-Shirt,1,25,25
186,07/05/2023,Male,20,Adolescent,Clothing,Cap,4,50,200
187,06/07/2023,Female,64,Old,Clothing,T-Shirt,2,50,100
188,05/03/2023,Male,40,Middle Age,Clothing,Cap,3,25,75
189,1/30/2023,Male,63,Old,Beauty,Perfume,1,50,50
190,05/04/2023,Female,60,Old,Beauty,Cream,3,30,90
191,10/18/2023,Male,64,Old,Beauty,Perfume,1,25,25
192,02/10/2023,Male,62,Old,Beauty,Cream,2,50,100
193,2/13/2023,Male,35,Middle Age,Beauty,Perfume,3,500,1500
194,09/06/2023,Male,55,Old,Clothing,Cap,4,50,200
195,02/05/2023,Male,52,Middle Age,Clothing,T-Shirt,1,30,30
196,9/30/2023,Female,32,Middle Age,Clothing,Cap,3,300,900
197,03/06/2023,Female,42,Middle Age,Clothing,T-Shirt,4,50,200
198,03/07/2023,Female,54,Middle Age,Beauty,Cream,3,300,900
199,12/04/2023,Male,45,Middle Age,Beauty,Perfume,3,500,1500
200,09/01/2023,Male,27,Adolescent,Beauty,Cream,3,50,150
201,10/09/2023,Male,56,Old,Electronics,Laptop,1,25,25
202,3/26/2023,Female,34,Middle Age,Clothing,Cap,4,300,1200
203,5/16/2023,Male,56,Old,Clothing,T-Shirt,2,500,1000
204,9/28/2023,Male,39,Middle Age,Beauty,Cream,1,25,25
205,11/07/2023,Female,43,Middle Age,Clothing,T-Shirt,1,25,25
206,08/05/2023,Male,61,Old,Clothing,Cap,1,25,25
207,4/19/2023,Female,42,Middle Age,Beauty,Perfume,2,25,50
208,10/04/2023,Female,34,Middle Age,Electronics,Headphones,4,50,200
209,12/20/2023,Female,30,Adolescent,Electronics,Laptop,4,50,200
210,4/13/2023,Male,37,Middle Age,Electronics,Headphones,4,50,200
211,01/01/2023,Male,42,Middle Age,Beauty,Perfume,3,500,1500
212,06/09/2023,Male,21,Adolescent,Clothing,Cap,3,500,1500
213,7/24/2023,Male,27,Adolescent,Beauty,Perfume,3,500,1500
214,12/10/2023,Male,20,Adolescent,Beauty,Cream,2,30,60
215,11/29/2023,Male,58,Old,Clothing,T-Shirt,3,500,1500
216,07/11/2023,Male,62,Old,Electronics,Headphones,2,50,100
217,8/13/2023,Female,35,Middle Age,Electronics,Laptop,4,50,200
218,9/22/2023,Male,64,Old,Beauty,Cream,3,30,90
219,8/20/2023,Female,53,Middle Age,Electronics,Laptop,3,30,90
220,03/03/2023,Male,64,Old,Beauty,Cream,1,500,500
221,05/07/2023,Male,39,Middle Age,Beauty,Perfume,2,300,600
222,4/26/2023,Male,51,Middle Age,Clothing,Cap,4,30,120
223,02/02/2023,Female,64,Old,Clothing,T-Shirt,1,25,25
224,6/23/2023,Female,25,Adolescent,Clothing,Cap,1,50,50
225,01/11/2023,Female,57,Old,Beauty,Perfume,4,25,100
226,10/29/2023,Female,61,Old,Clothing,Cap,1,50,50
227,10/11/2023,Male,36,Middle Age,Electronics,Laptop,2,50,100
228,4/28/2023,Female,59,Old,Electronics,Headphones,2,30,60
229,10/29/2023,Male,58,Old,Beauty,Perfume,3,30,90
230,4/23/2023,Male,54,Middle Age,Beauty,Cream,1,25,25
231,01/04/2023,Female,23,Adolescent,Clothing,T-Shirt,3,50,150
232,02/06/2023,Female,43,Middle Age,Beauty,Cream,1,25,25
233,12/29/2023,Female,51,Middle Age,Beauty,Perfume,2,300,600
234,11/20/2023,Female,62,Old,Electronics,Headphones,2,25,50
235,1/31/2023,Female,23,Adolescent,Electronics,Laptop,2,500,1000
236,4/28/2023,Female,54,Middle Age,Clothing,Cap,1,25,25
237,02/04/2023,Female,50,Middle Age,Beauty,Perfume,2,500,1000
238,1/17/2023,Female,39,Middle Age,Beauty,Cream,1,500,500
239,6/19/2023,Male,38,Middle Age,Electronics,Laptop,3,500,1500
240,02/06/2023,Female,23,Adolescent,Beauty,Cream,1,300,300
241,9/21/2023,Female,23,Adolescent,Electronics,Laptop,3,25,75
242,05/02/2023,Male,21,Adolescent,Clothing,Cap,1,25,25
243,5/23/2023,Female,47,Middle Age,Electronics,Laptop,3,300,900
244,12/09/2023,Male,28,Adolescent,Beauty,Cream,2,50,100
245,09/06/2023,Male,47,Middle Age,Clothing,T-Shirt,3,30,90
246,4/20/2023,Female,48,Middle Age,Electronics,Headphones,2,25,50
247,10/04/2023,Male,41,Middle Age,Electronics,Laptop,2,30,60
248,03/09/2023,Male,26,Adolescent,Clothing,Cap,3,300,900
249,10/20/2023,Male,20,Adolescent,Clothing,T-Shirt,1,50,50
250,10/23/2023,Male,48,Middle Age,Electronics,Headphones,1,50,50
251,8/31/2023,Female,57,Old,Beauty,Perfume,4,50,200
252,05/05/2023,Male,54,Middle Age,Electronics,Headphones,1,300,300
253,8/31/2023,Female,53,Middle Age,Clothing,T-Shirt,4,500,2000
254,7/28/2023,Male,41,Middle Age,Electronics,Headphones,1,500,500
255,04/08/2023,Male,48,Middle Age,Clothing,T-Shirt,1,30,30
256,2/18/2023,Male,23,Adolescent,Clothing,Cap,2,500,1000
257,2/19/2023,Male,19,Adolescent,Beauty,Perfume,4,500,2000
258,12/04/2023,Female,37,Middle Age,Clothing,Cap,1,50,50
259,08/09/2023,Female,45,Middle Age,Clothing,T-Shirt,4,50,200
260,07/01/2023,Male,28,Adolescent,Beauty,Cream,2,30,60
261,08/05/2023,Male,21,Adolescent,Clothing,T-Shirt,2,25,50
262,7/30/2023,Female,32,Middle Age,Beauty,Cream,4,30,120
263,8/28/2023,Male,23,Adolescent,Beauty,Perfume,2,30,60
264,1/28/2023,Male,47,Middle Age,Clothing,Cap,3,300,900
265,12/11/2023,Male,55,Old,Clothing,T-Shirt,3,300,900
266,12/01/2023,Female,19,Adolescent,Electronics,Headphones,2,30,60
267,11/27/2023,Female,32,Middle Age,Beauty,Perfume,3,30,90
268,2/20/2023,Female,28,Adolescent,Electronics,Headphones,1,30,30
269,02/01/2023,Male,25,Adolescent,Clothing,T-Shirt,4,500,2000
270,7/26/2023,Male,43,Middle Age,Electronics,Headphones,1,300,300
271,6/23/2023,Female,62,Old,Beauty,Perfume,4,30,120
272,2/25/2023,Female,61,Old,Electronics,Headphones,2,50,100
273,05/08/2023,Female,22,Adolescent,Beauty,Perfume,1,50,50
274,04/09/2023,Female,23,Adolescent,Clothing,Cap,2,500,1000
275,04/08/2023,Male,43,Middle Age,Clothing,T-Shirt,2,500,1000
276,10/02/2023,Female,21,Adolescent,Beauty,Cream,4,25,100
277,8/18/2023,Male,36,Middle Age,Clothing,T-Shirt,4,25,100
278,3/13/2023,Female,37,Middle Age,Clothing,Cap,4,25,100
279,08/05/2023,Male,50,Middle Age,Clothing,T-Shirt,1,500,500
280,04/04/2023,Female,37,Middle Age,Clothing,Cap,3,500,1500
281,5/23/2023,Female,29,Adolescent,Beauty,Perfume,4,500,2000
282,8/25/2023,Female,64,Old,Electronics,Headphones,4,50,200
283,05/08/2023,Female,18,Adolescent,Electronics,Laptop,1,500,500
284,02/08/2023,Male,43,Middle Age,Clothing,Cap,4,50,200
285,8/15/2023,Female,31,Adolescent,Electronics,Laptop,1,25,25
286,10/09/2023,Male,55,Old,Electronics,Headphones,2,25,50
287,2/20/2023,Male,54,Middle Age,Clothing,T-Shirt,4,25,100
288,1/26/2023,Male,28,Adolescent,Clothing,Cap,4,30,120
289,11/30/2023,Male,53,Middle Age,Electronics,Laptop,2,30,60
290,10/04/2023,Female,30,Adolescent,Beauty,Cream,2,300,600
291,01/08/2023,Male,60,Old,Clothing,T-Shirt,2,300,600
292,2/17/2023,Male,20,Adolescent,Beauty,Cream,4,300,1200
293,05/02/2023,Male,50,Middle Age,Electronics,Laptop,3,30,90
294,3/27/2023,Female,23,Adolescent,Clothing,Cap,3,30,90
295,7/28/2023,Female,27,Adolescent,Beauty,Perfume,3,300,900
296,09/06/2023,Female,22,Adolescent,Clothing,Cap,4,300,1200
297,09/04/2023,Female,40,Middle Age,Electronics,Laptop,2,500,1000
298,4/20/2023,Male,27,Adolescent,Beauty,Cream,4,300,1200
299,7/25/2023,Male,61,Old,Electronics,Laptop,2,500,1000
300,1/31/2023,Female,19,Adolescent,Electronics,Headphones,4,50,200
301,3/26/2023,Male,30,Adolescent,Clothing,T-Shirt,4,30,120
302,7/14/2023,Male,57,Old,Beauty,Cream,2,300,600
303,01/02/2023,Male,19,Adolescent,Electronics,Laptop,3,30,90
304,7/19/2023,Female,37,Middle Age,Electronics,Headphones,2,30,60
305,5/16/2023,Female,18,Adolescent,Beauty,Perfume,1,30,30
306,8/21/2023,Male,54,Middle Age,Electronics,Headphones,1,50,50
307,5/27/2023,Female,26,Adolescent,Electronics,Laptop,2,25,50
308,08/05/2023,Female,34,Middle Age,Beauty,Cream,4,300,1200
309,12/23/2023,Female,26,Adolescent,Beauty,Perfume,1,25,25
310,10/12/2023,Female,28,Adolescent,Beauty,Cream,1,25,25
311,12/05/2023,Female,32,Middle Age,Beauty,Perfume,4,25,100
312,09/07/2023,Male,41,Middle Age,Clothing,Cap,4,30,120
313,3/21/2023,Female,55,Old,Beauty,Perfume,3,500,1500
314,04/08/2023,Male,52,Middle Age,Clothing,Cap,4,30,120
315,06/01/2023,Male,47,Middle Age,Clothing,T-Shirt,2,30,60
316,4/22/2023,Female,48,Middle Age,Clothing,Cap,2,25,50
317,1/30/2023,Male,22,Adolescent,Electronics,Laptop,3,30,90
318,10/24/2023,Male,61,Old,Clothing,Cap,1,25,25
319,10/05/2023,Male,31,Adolescent,Clothing,T-Shirt,1,500,500
320,02/01/2023,Female,28,Adolescent,Electronics,Headphones,4,300,1200
321,06/10/2023,Female,26,Adolescent,Electronics,Laptop,2,25,50
322,1/30/2023,Male,51,Middle Age,Electronics,Headphones,1,500,500
323,1/26/2023,Female,29,Adolescent,Beauty,Perfume,3,300,900
324,10/27/2023,Female,52,Middle Age,Electronics,Headphones,3,50,150
325,09/02/2023,Female,52,Middle Age,Electronics,Laptop,2,25,50
326,9/15/2023,Female,18,Adolescent,Clothing,Cap,3,25,75
327,9/29/2023,Male,57,Old,Electronics,Laptop,3,50,150
328,3/22/2023,Male,39,Middle Age,Beauty,Cream,2,50,100
329,1/30/2023,Female,46,Middle Age,Electronics,Laptop,4,25,100
330,9/18/2023,Female,25,Adolescent,Beauty,Cream,4,50,200
331,02/11/2023,Male,28,Adolescent,Electronics,Laptop,3,30,90
332,04/06/2023,Male,58,Old,Electronics,Headphones,4,300,1200
333,02/05/2023,Female,54,Middle Age,Electronics,Laptop,4,300,1200
334,11/01/2023,Male,31,Adolescent,Electronics,Headphones,3,300,900
335,02/04/2023,Female,47,Middle Age,Beauty,Perfume,4,30,120
336,12/12/2023,Female,52,Middle Age,Beauty,Cream,3,50,150
337,05/01/2023,Male,38,Middle Age,Clothing,T-Shirt,1,500,500
338,7/26/2023,Male,54,Middle Age,Beauty,Cream,2,50,100
339,03/03/2023,Female,22,Adolescent,Electronics,Laptop,2,25,50
340,10/19/2023,Female,36,Middle Age,Clothing,Cap,4,300,1200
341,05/07/2023,Male,31,Adolescent,Clothing,T-Shirt,4,50,200
342,10/24/2023,Female,43,Middle Age,Clothing,Cap,4,500,2000
343,11/01/2023,Male,21,Adolescent,Electronics,Laptop,2,25,50
344,1/21/2023,Female,42,Middle Age,Beauty,Cream,1,30,30
345,11/14/2023,Male,62,Old,Electronics,Laptop,1,30,30
346,02/11/2023,Male,59,Old,Clothing,Cap,2,500,1000
347,08/03/2023,Male,42,Middle Age,Electronics,Laptop,1,25,25
348,12/03/2023,Female,35,Middle Age,Electronics,Headphones,2,300,600
349,10/26/2023,Female,57,Old,Beauty,Perfume,1,50,50
350,10/17/2023,Male,25,Adolescent,Beauty,Cream,3,25,75
351,9/25/2023,Female,56,Old,Clothing,T-Shirt,3,30,90
352,06/11/2023,Male,57,Old,Electronics,Headphones,2,500,1000
353,5/14/2023,Male,31,Adolescent,Electronics,Laptop,1,500,500
354,4/15/2023,Female,49,Middle Age,Beauty,Cream,4,50,200
355,12/09/2023,Female,55,Old,Electronics,Laptop,1,500,500
356,06/10/2023,Male,50,Middle Age,Electronics,Headphones,3,500,1500
357,05/03/2023,Female,40,Middle Age,Electronics,Laptop,3,25,75
358,5/16/2023,Female,32,Middle Age,Beauty,Cream,1,300,300
359,7/22/2023,Male,50,Middle Age,Clothing,T-Shirt,1,50,50
360,03/09/2023,Male,42,Middle Age,Clothing,Cap,4,25,100
361,12/10/2023,Female,34,Middle Age,Electronics,Laptop,4,300,1200
362,11/27/2023,Male,50,Middle Age,Clothing,Cap,1,25,25
363,06/03/2023,Male,64,Old,Beauty,Perfume,1,25,25
364,8/23/2023,Female,19,Adolescent,Beauty,Cream,1,500,500
365,06/11/2023,Male,31,Adolescent,Clothing,T-Shirt,1,300,300
366,02/07/2023,Male,57,Old,Clothing,Cap,2,50,100
367,01/05/2023,Female,57,Old,Electronics,Laptop,1,50,50
368,8/23/2023,Female,56,Old,Clothing,Cap,4,300,1200
369,11/15/2023,Male,23,Adolescent,Electronics,Laptop,3,500,1500
370,10/16/2023,Male,23,Adolescent,Electronics,Headphones,2,30,60
371,2/21/2023,Female,20,Adolescent,Beauty,Perfume,1,25,25
372,02/07/2023,Female,24,Adolescent,Beauty,Cream,3,500,1500
373,10/03/2023,Female,25,Adolescent,Beauty,Perfume,2,300,600
374,4/20/2023,Female,59,Old,Beauty,Cream,3,25,75
375,9/17/2023,Male,32,Middle Age,Clothing,T-Shirt,1,50,50
376,5/16/2023,Female,64,Old,Beauty,Cream,1,30,30
377,03/09/2023,Female,46,Middle Age,Clothing,T-Shirt,4,50,200
378,6/28/2023,Male,50,Middle Age,Beauty,Cream,1,300,300
379,02/05/2023,Female,47,Middle Age,Clothing,T-Shirt,1,25,25
380,05/06/2023,Male,56,Old,Electronics,Headphones,2,300,600
381,07/09/2023,Female,44,Middle Age,Clothing,T-Shirt,4,25,100
382,5/26/2023,Female,53,Middle Age,Clothing,Cap,2,500,1000
383,3/22/2023,Female,46,Middle Age,Beauty,Perfume,3,30,90
384,8/13/2023,Male,55,Old,Clothing,Cap,1,500,500
385,10/06/2023,Male,50,Middle Age,Electronics,Laptop,3,500,1500
386,12/27/2023,Female,54,Middle Age,Electronics,Headphones,2,300,600
387,06/04/2023,Male,44,Middle Age,Beauty,Perfume,1,30,30
388,11/10/2023,Male,50,Middle Age,Electronics,Headphones,1,25,25
389,12/01/2023,Male,21,Adolescent,Clothing,T-Shirt,2,25,50
390,9/28/2023,Male,39,Middle Age,Electronics,Headphones,2,50,100
391,01/05/2023,Male,19,Adolescent,Beauty,Perfume,2,25,50
392,12/08/2023,Male,27,Adolescent,Clothing,Cap,2,300,600
393,10/11/2023,Female,22,Adolescent,Beauty,Perfume,2,500,1000
394,06/03/2023,Female,27,Adolescent,Clothing,Cap,1,500,500
395,12/06/2023,Male,50,Middle Age,Electronics,Laptop,2,500,1000
396,2/23/2023,Female,55,Old,Beauty,Cream,1,30,30
397,03/10/2023,Female,30,Adolescent,Beauty,Perfume,1,25,25
398,5/16/2023,Female,48,Middle Age,Clothing,Cap,2,300,600
399,03/01/2023,Female,64,Old,Beauty,Perfume,2,30,60
400,2/24/2023,Male,53,Middle Age,Clothing,Cap,4,50,200
401,10/11/2023,Female,62,Old,Clothing,T-Shirt,1,300,300
402,3/21/2023,Female,41,Middle Age,Clothing,Cap,2,300,600
403,5/20/2023,Male,32,Middle Age,Clothing,T-Shirt,2,300,600
404,5/25/2023,Male,46,Middle Age,Electronics,Headphones,2,500,1000
405,11/06/2023,Female,25,Adolescent,Clothing,T-Shirt,4,300,1200
406,4/18/2023,Female,22,Adolescent,Beauty,Cream,4,25,100
407,6/25/2023,Female,46,Middle Age,Electronics,Laptop,3,300,900
408,4/15/2023,Female,64,Old,Beauty,Cream,1,500,500
409,12/18/2023,Female,21,Adolescent,Electronics,Laptop,3,300,900
410,11/21/2023,Female,29,Adolescent,Clothing,Cap,2,50,100
411,5/16/2023,Male,62,Old,Electronics,Laptop,4,50,200
412,9/16/2023,Female,19,Adolescent,Electronics,Headphones,4,500,2000
413,09/08/2023,Female,44,Middle Age,Beauty,Perfume,3,25,75
414,05/09/2023,Male,48,Middle Age,Beauty,Cream,4,25,100
415,1/27/2023,Male,53,Middle Age,Clothing,T-Shirt,2,30,60
416,2/17/2023,Male,53,Middle Age,Electronics,Headphones,4,500,2000
417,11/21/2023,Male,43,Middle Age,Electronics,Laptop,3,300,900
418,08/05/2023,Female,60,Old,Electronics,Headphones,2,500,1000
419,5/22/2023,Female,44,Middle Age,Clothing,T-Shirt,3,30,90
420,1/23/2023,Female,22,Adolescent,Clothing,Cap,4,500,2000
421,01/02/2023,Female,37,Middle Age,Clothing,T-Shirt,3,500,1500
422,6/20/2023,Female,28,Adolescent,Clothing,Cap,3,30,90
423,03/08/2023,Female,27,Adolescent,Clothing,T-Shirt,1,25,25
424,11/23/2023,Male,57,Old,Beauty,Cream,4,300,1200
425,5/15/2023,Female,55,Old,Electronics,Laptop,4,30,120
426,3/24/2023,Male,23,Adolescent,Electronics,Headphones,3,50,150
427,8/15/2023,Male,25,Adolescent,Electronics,Laptop,1,25,25
428,10/10/2023,Female,40,Middle Age,Electronics,Headphones,4,50,200
429,12/28/2023,Male,64,Old,Electronics,Laptop,2,25,50
430,08/07/2023,Female,43,Middle Age,Electronics,Headphones,3,300,900
431,10/15/2023,Male,63,Old,Electronics,Laptop,4,300,1200
432,01/05/2023,Female,60,Old,Electronics,Headphones,2,500,1000
433,2/27/2023,Male,29,Adolescent,Beauty,Perfume,4,50,200
434,02/08/2023,Female,43,Middle Age,Electronics,Headphones,2,25,50
435,12/20/2023,Female,30,Adolescent,Beauty,Perfume,3,300,900
436,3/18/2023,Female,57,Old,Clothing,Cap,4,30,120
437,10/07/2023,Female,35,Middle Age,Electronics,Laptop,4,300,1200
438,1/19/2023,Female,42,Middle Age,Clothing,Cap,1,30,30
439,07/09/2023,Male,50,Middle Age,Clothing,T-Shirt,3,25,75
440,10/26/2023,Male,64,Old,Clothing,Cap,2,300,600
441,10/10/2023,Male,57,Old,Beauty,Perfume,4,300,1200
442,3/17/2023,Female,60,Old,Clothing,Cap,4,25,100
443,08/09/2023,Male,29,Adolescent,Clothing,T-Shirt,2,300,600
444,03/07/2023,Female,61,Old,Clothing,Cap,3,30,90
445,1/22/2023,Female,53,Middle Age,Electronics,Laptop,1,300,300
446,06/07/2023,Male,21,Adolescent,Electronics,Headphones,1,50,50
447,07/06/2023,Male,22,Adolescent,Beauty,Perfume,4,500,2000
448,1/21/2023,Female,54,Middle Age,Beauty,Cream,2,30,60
449,07/03/2023,Male,25,Adolescent,Electronics,Laptop,4,50,200
450,4/18/2023,Female,59,Old,Beauty,Cream,2,25,50
451,12/16/2023,Female,45,Middle Age,Electronics,Laptop,1,30,30
452,05/08/2023,Female,48,Middle Age,Clothing,Cap,3,500,1500
453,12/08/2023,Female,26,Adolescent,Clothing,T-Shirt,2,500,1000
454,2/22/2023,Female,46,Middle Age,Beauty,Cream,1,25,25
455,07/01/2023,Male,31,Adolescent,Electronics,Laptop,4,25,100
456,10/14/2023,Male,57,Old,Electronics,Headphones,2,30,60
457,7/28/2023,Female,58,Old,Beauty,Perfume,3,300,900
458,11/14/2023,Female,39,Middle Age,Electronics,Headphones,4,25,100
459,3/21/2023,Male,28,Adolescent,Clothing,T-Shirt,4,300,1200
460,05/02/2023,Male,40,Middle Age,Beauty,Cream,1,50,50
461,3/25/2023,Female,18,Adolescent,Beauty,Perfume,2,500,1000
462,04/01/2023,Male,63,Old,Electronics,Headphones,4,300,1200
463,7/31/2023,Female,54,Middle Age,Beauty,Perfume,3,500,1500
464,1/13/2023,Male,38,Middle Age,Electronics,Headphones,2,300,600
465,04/02/2023,Female,43,Middle Age,Electronics,Laptop,3,50,150
466,6/20/2023,Male,63,Old,Electronics,Headphones,4,25,100
467,7/30/2023,Female,53,Middle Age,Electronics,Laptop,3,50,150
468,12/09/2023,Male,40,Middle Age,Electronics,Headphones,1,25,25
469,05/08/2023,Male,18,Adolescent,Beauty,Perfume,3,25,75
470,5/17/2023,Female,57,Old,Clothing,Cap,2,500,1000
471,3/23/2023,Male,32,Middle Age,Clothing,T-Shirt,3,50,150
472,12/26/2023,Female,38,Middle Age,Beauty,Cream,3,300,900
473,2/25/2023,Male,64,Old,Beauty,Perfume,1,50,50
474,7/15/2023,Female,26,Adolescent,Clothing,Cap,3,500,1500
475,1/20/2023,Male,26,Adolescent,Clothing,T-Shirt,3,25,75
476,8/29/2023,Female,27,Adolescent,Clothing,Cap,4,500,2000
477,4/24/2023,Male,43,Middle Age,Clothing,T-Shirt,4,30,120
478,4/13/2023,Female,58,Old,Clothing,Cap,2,30,60
479,8/24/2023,Male,52,Middle Age,Electronics,Laptop,4,300,1200
480,6/29/2023,Female,42,Middle Age,Beauty,Cream,4,500,2000
481,06/06/2023,Female,43,Middle Age,Electronics,Laptop,4,300,1200
482,4/27/2023,Female,28,Adolescent,Clothing,Cap,4,300,1200
483,4/25/2023,Male,55,Old,Clothing,T-Shirt,1,30,30
484,1/13/2023,Female,19,Adolescent,Clothing,Cap,4,300,1200
485,12/04/2023,Male,24,Adolescent,Electronics,Laptop,1,30,30
486,04/09/2023,Female,35,Middle Age,Electronics,Headphones,1,25,25
487,7/24/2023,Male,44,Middle Age,Clothing,T-Shirt,4,500,2000
488,6/18/2023,Female,51,Middle Age,Electronics,Headphones,3,300,900
489,5/23/2023,Male,44,Middle Age,Electronics,Laptop,1,30,30
490,02/05/2023,Male,34,Middle Age,Clothing,Cap,3,50,150
491,5/23/2023,Female,60,Old,Electronics,Laptop,3,300,900
492,6/29/2023,Male,61,Old,Beauty,Cream,4,25,100
493,11/25/2023,Male,41,Middle Age,Beauty,Perfume,2,25,50
494,9/18/2023,Female,42,Middle Age,Beauty,Cream,4,50,200
495,7/24/2023,Male,24,Adolescent,Beauty,Perfume,2,30,60
496,12/14/2023,Male,23,Adolescent,Clothing,Cap,2,300,600
497,10/02/2023,Male,41,Middle Age,Clothing,T-Shirt,4,30,120
498,6/19/2023,Female,50,Middle Age,Clothing,Cap,4,25,100
499,1/15/2023,Male,46,Middle Age,Beauty,Perfume,2,30,60
500,03/01/2023,Female,60,Old,Beauty,Cream,4,25,100
501,5/14/2023,Male,39,Middle Age,Electronics,Laptop,2,30,60
502,04/02/2023,Male,43,Middle Age,Electronics,Headphones,3,50,150
503,10/25/2023,Male,45,Middle Age,Beauty,Perfume,4,500,2000
504,5/16/2023,Female,38,Middle Age,Beauty,Cream,3,50,150
505,1/20/2023,Male,24,Adolescent,Beauty,Perfume,1,50,50
506,2/25/2023,Male,34,Middle Age,Beauty,Cream,3,500,1500
507,11/02/2023,Female,37,Middle Age,Electronics,Laptop,3,500,1500
508,08/11/2023,Male,58,Old,Beauty,Cream,2,300,600
509,6/26/2023,Female,37,Middle Age,Electronics,Laptop,3,300,900
510,06/10/2023,Female,39,Middle Age,Beauty,Cream,4,50,200
511,08/12/2023,Male,45,Middle Age,Beauty,Perfume,2,50,100
512,11/07/2023,Female,57,Old,Beauty,Cream,1,25,25
513,9/19/2023,Male,24,Adolescent,Electronics,Laptop,4,25,100
514,03/01/2023,Female,18,Adolescent,Electronics,Headphones,1,300,300
515,7/17/2023,Female,49,Middle Age,Clothing,T-Shirt,3,300,900
516,10/23/2023,Male,30,Adolescent,Beauty,Cream,4,25,100
517,04/08/2023,Female,47,Middle Age,Clothing,T-Shirt,4,25,100
518,05/11/2023,Female,40,Middle Age,Clothing,Cap,1,30,30
519,1/23/2023,Female,36,Middle Age,Electronics,Laptop,4,30,120
520,12/29/2023,Female,49,Middle Age,Electronics,Headphones,4,25,100
521,08/12/2023,Female,47,Middle Age,Clothing,T-Shirt,4,30,120
522,01/01/2023,Male,46,Middle Age,Beauty,Cream,3,500,1500
523,9/24/2023,Female,62,Old,Electronics,Laptop,1,300,300
524,10/03/2023,Male,46,Middle Age,Beauty,Cream,4,300,1200
525,12/18/2023,Female,47,Middle Age,Beauty,Perfume,2,25,50
526,12/10/2023,Male,33,Middle Age,Clothing,Cap,2,50,100
527,04/11/2023,Male,57,Old,Clothing,T-Shirt,2,25,50
528,07/06/2023,Female,36,Middle Age,Clothing,Cap,2,30,60
529,08/09/2023,Female,35,Middle Age,Clothing,T-Shirt,3,50,150
530,02/05/2023,Female,18,Adolescent,Electronics,Headphones,4,30,120
531,12/07/2023,Male,31,Adolescent,Electronics,Laptop,1,500,500
532,6/19/2023,Female,64,Old,Clothing,Cap,4,30,120
533,11/16/2023,Male,19,Adolescent,Electronics,Laptop,3,500,1500
534,06/10/2023,Male,45,Middle Age,Clothing,Cap,2,500,1000
535,12/06/2023,Male,47,Middle Age,Beauty,Perfume,3,30,90
536,03/05/2023,Female,55,Old,Beauty,Cream,4,30,120
537,06/03/2023,Female,21,Adolescent,Beauty,Perfume,1,500,500
538,9/17/2023,Male,18,Adolescent,Clothing,Cap,3,50,150
539,06/08/2023,Male,25,Adolescent,Beauty,Perfume,1,500,500
540,12/08/2023,Female,46,Middle Age,Electronics,Headphones,3,300,900
541,7/29/2023,Male,56,Old,Beauty,Perfume,1,500,500
542,6/17/2023,Female,20,Adolescent,Beauty,Cream,1,50,50
543,7/26/2023,Male,49,Middle Age,Beauty,Perfume,2,300,600
544,12/23/2023,Female,27,Adolescent,Electronics,Headphones,1,25,25
545,06/01/2023,Male,27,Adolescent,Clothing,T-Shirt,2,25,50
546,10/11/2023,Female,36,Middle Age,Electronics,Headphones,4,50,200
547,03/07/2023,Male,63,Old,Clothing,T-Shirt,4,500,2000
548,04/09/2023,Female,51,Middle Age,Clothing,Cap,2,30,60
549,08/04/2023,Female,50,Middle Age,Beauty,Perfume,2,50,100
550,12/07/2023,Male,40,Middle Age,Clothing,Cap,3,300,900
551,7/14/2023,Male,45,Middle Age,Electronics,Laptop,3,300,900
552,12/13/2023,Female,49,Middle Age,Electronics,Headphones,3,25,75
553,3/31/2023,Male,24,Adolescent,Clothing,T-Shirt,4,300,1200
554,11/12/2023,Female,46,Middle Age,Beauty,Cream,3,50,150
555,10/19/2023,Male,25,Adolescent,Beauty,Perfume,1,300,300
556,06/04/2023,Female,18,Adolescent,Electronics,Headphones,1,50,50
557,7/27/2023,Female,20,Adolescent,Beauty,Perfume,3,30,90
558,10/08/2023,Female,41,Middle Age,Clothing,Cap,1,25,25
559,01/01/2023,Female,40,Middle Age,Clothing,T-Shirt,4,300,1200
560,06/05/2023,Female,25,Adolescent,Electronics,Headphones,1,50,50
561,5/27/2023,Female,64,Old,Clothing,T-Shirt,4,500,2000
562,4/18/2023,Male,54,Middle Age,Electronics,Headphones,2,25,50
563,08/09/2023,Male,20,Adolescent,Clothing,T-Shirt,2,30,60
564,10/24/2023,Male,50,Middle Age,Electronics,Headphones,2,50,100
565,11/07/2023,Female,45,Middle Age,Beauty,Perfume,2,30,60
566,12/02/2023,Female,64,Old,Clothing,Cap,1,30,30
567,6/14/2023,Female,25,Adolescent,Clothing,T-Shirt,3,300,900
568,8/27/2023,Female,51,Middle Age,Electronics,Headphones,1,300,300
569,8/15/2023,Male,52,Middle Age,Electronics,Laptop,4,50,200
570,8/15/2023,Male,49,Middle Age,Clothing,Cap,1,500,500
571,12/12/2023,Female,41,Middle Age,Electronics,Laptop,1,50,50
572,4/20/2023,Male,31,Adolescent,Clothing,Cap,4,500,2000
573,9/19/2023,Male,49,Middle Age,Beauty,Perfume,2,30,60
574,8/31/2023,Female,63,Old,Electronics,Headphones,2,25,50
575,3/28/2023,Male,60,Old,Clothing,T-Shirt,2,50,100
576,12/04/2023,Female,33,Middle Age,Beauty,Cream,3,50,150
577,2/13/2023,Male,21,Adolescent,Beauty,Perfume,4,500,2000
578,5/26/2023,Female,54,Middle Age,Clothing,Cap,4,30,120
579,9/21/2023,Female,38,Middle Age,Electronics,Laptop,1,30,30
580,12/06/2023,Female,31,Adolescent,Clothing,Cap,3,500,1500
581,11/21/2023,Female,48,Middle Age,Beauty,Perfume,2,30,60
582,11/14/2023,Male,35,Middle Age,Clothing,Cap,3,300,900
583,6/21/2023,Female,24,Adolescent,Electronics,Laptop,4,25,100
584,2/17/2023,Female,27,Adolescent,Beauty,Cream,4,50,200
585,05/01/2023,Female,24,Adolescent,Clothing,T-Shirt,1,25,25
586,12/11/2023,Male,50,Middle Age,Electronics,Headphones,1,50,50
587,06/08/2023,Female,40,Middle Age,Beauty,Perfume,4,300,1200
588,4/26/2023,Male,38,Middle Age,Electronics,Headphones,2,30,60
589,04/12/2023,Female,36,Middle Age,Beauty,Perfume,2,500,1000
590,3/17/2023,Male,36,Middle Age,Clothing,Cap,3,300,900
591,1/13/2023,Male,53,Middle Age,Electronics,Laptop,4,25,100
592,1/24/2023,Female,46,Middle Age,Beauty,Cream,4,500,2000
593,05/06/2023,Male,35,Middle Age,Electronics,Laptop,2,30,60
594,09/01/2023,Female,19,Adolescent,Electronics,Headphones,2,300,600
595,11/09/2023,Female,18,Adolescent,Clothing,T-Shirt,4,500,2000
596,02/07/2023,Female,64,Old,Electronics,Headphones,1,300,300
597,8/22/2023,Male,22,Adolescent,Beauty,Perfume,4,300,1200
598,08/01/2023,Male,37,Middle Age,Beauty,Cream,4,30,120
599,11/19/2023,Female,28,Adolescent,Beauty,Perfume,2,50,100
600,10/22/2023,Female,59,Old,Beauty,Cream,2,500,1000
601,04/10/2023,Male,19,Adolescent,Clothing,T-Shirt,1,30,30
602,12/23/2023,Female,20,Adolescent,Electronics,Headphones,1,300,300
603,7/16/2023,Female,40,Middle Age,Clothing,T-Shirt,3,30,90
604,09/11/2023,Female,29,Adolescent,Electronics,Headphones,4,50,200
605,7/24/2023,Male,37,Middle Age,Electronics,Laptop,2,500,1000
606,05/05/2023,Male,22,Adolescent,Electronics,Headphones,1,50,50
607,3/17/2023,Male,54,Middle Age,Clothing,T-Shirt,3,25,75
608,12/02/2023,Female,55,Old,Electronics,Headphones,3,500,1500
609,12/19/2023,Female,47,Middle Age,Clothing,T-Shirt,2,50,100
610,01/03/2023,Female,26,Adolescent,Beauty,Cream,2,300,600
611,2/24/2023,Male,51,Middle Age,Beauty,Perfume,3,500,1500
612,08/06/2023,Female,61,Old,Electronics,Headphones,1,500,500
613,4/23/2023,Female,52,Middle Age,Clothing,T-Shirt,3,30,90
614,04/01/2023,Female,39,Middle Age,Beauty,Cream,4,300,1200
615,12/23/2023,Female,61,Old,Clothing,T-Shirt,4,25,100
616,9/23/2023,Male,41,Middle Age,Clothing,Cap,2,50,100
617,8/26/2023,Male,34,Middle Age,Electronics,Laptop,1,30,30
618,1/26/2023,Female,27,Adolescent,Beauty,Cream,1,50,50
619,10/13/2023,Male,47,Middle Age,Electronics,Laptop,4,25,100
620,05/08/2023,Male,63,Old,Electronics,Headphones,3,25,75
621,03/04/2023,Female,40,Middle Age,Beauty,Perfume,2,500,1000
622,8/22/2023,Female,49,Middle Age,Beauty,Cream,3,25,75
623,03/10/2023,Male,34,Middle Age,Clothing,T-Shirt,3,50,150
624,8/26/2023,Female,34,Middle Age,Beauty,Cream,3,300,900
625,12/08/2023,Male,31,Adolescent,Clothing,T-Shirt,1,300,300
626,9/29/2023,Female,26,Adolescent,Clothing,Cap,4,500,2000
627,10/14/2023,Male,57,Old,Clothing,T-Shirt,1,50,50
628,11/01/2023,Female,19,Adolescent,Beauty,Cream,4,50,200
629,06/12/2023,Male,62,Old,Electronics,Laptop,2,25,50
630,8/15/2023,Male,42,Middle Age,Clothing,Cap,2,50,100
631,11/10/2023,Male,56,Old,Electronics,Laptop,3,30,90
632,9/16/2023,Female,26,Adolescent,Electronics,Headphones,4,25,100
633,08/07/2023,Male,39,Middle Age,Beauty,Perfume,4,30,120
634,10/08/2023,Male,60,Old,Electronics,Headphones,4,500,2000
635,8/17/2023,Female,63,Old,Electronics,Laptop,3,300,900
636,3/23/2023,Female,21,Adolescent,Beauty,Cream,3,500,1500
637,09/01/2023,Male,43,Middle Age,Clothing,T-Shirt,2,300,600
638,8/19/2023,Male,46,Middle Age,Electronics,Headphones,1,500,500
639,5/13/2023,Female,62,Old,Beauty,Perfume,4,50,200
640,05/07/2023,Female,51,Middle Age,Electronics,Headphones,4,30,120
641,11/23/2023,Female,40,Middle Age,Electronics,Laptop,1,300,300
642,5/22/2023,Female,54,Middle Age,Clothing,Cap,4,25,100
643,9/24/2023,Female,28,Adolescent,Electronics,Laptop,3,30,90
644,09/06/2023,Male,23,Adolescent,Beauty,Cream,3,25,75
645,11/17/2023,Female,35,Middle Age,Electronics,Laptop,4,30,120
646,05/03/2023,Male,38,Middle Age,Clothing,Cap,3,30,90
647,5/21/2023,Male,59,Old,Clothing,T-Shirt,3,500,1500
648,8/14/2023,Male,53,Middle Age,Beauty,Cream,4,300,1200
649,02/09/2023,Female,58,Old,Clothing,T-Shirt,2,300,600
650,01/01/2023,Male,55,Old,Electronics,Headphones,1,30,30
651,5/27/2023,Male,51,Middle Age,Clothing,T-Shirt,3,50,150
652,05/01/2023,Female,34,Middle Age,Beauty,Cream,2,50,100
653,5/20/2023,Male,54,Middle Age,Clothing,T-Shirt,3,25,75
654,6/21/2023,Male,42,Middle Age,Clothing,Cap,3,25,75
655,6/13/2023,Female,55,Old,Clothing,T-Shirt,1,500,500
656,10/04/2023,Male,29,Adolescent,Beauty,Cream,3,30,90
657,02/11/2023,Male,40,Middle Age,Clothing,T-Shirt,1,25,25
658,03/12/2023,Male,59,Old,Clothing,Cap,1,25,25
659,3/19/2023,Female,39,Middle Age,Electronics,Laptop,1,30,30
660,4/29/2023,Female,38,Middle Age,Beauty,Cream,2,500,1000
661,7/16/2023,Female,44,Middle Age,Clothing,T-Shirt,4,25,100
662,12/22/2023,Male,48,Middle Age,Beauty,Cream,2,500,1000
663,3/20/2023,Male,23,Adolescent,Clothing,T-Shirt,4,300,1200
664,12/28/2023,Female,44,Middle Age,Clothing,Cap,4,500,2000
665,4/20/2023,Male,57,Old,Clothing,T-Shirt,1,50,50
666,02/02/2023,Male,51,Middle Age,Electronics,Headphones,3,50,150
667,08/01/2023,Female,29,Adolescent,Electronics,Laptop,1,500,500
668,7/28/2023,Female,62,Old,Electronics,Headphones,3,50,150
669,6/19/2023,Male,24,Adolescent,Beauty,Perfume,4,300,1200
670,10/05/2023,Male,27,Adolescent,Beauty,Cream,1,30,30
671,8/27/2023,Male,62,Old,Electronics,Laptop,3,50,150
672,08/01/2023,Female,34,Middle Age,Beauty,Cream,2,50,100
673,02/01/2023,Female,43,Middle Age,Clothing,T-Shirt,3,500,1500
674,4/16/2023,Female,38,Middle Age,Clothing,Cap,1,300,300
675,08/04/2023,Female,45,Middle Age,Clothing,T-Shirt,2,30,60
676,7/19/2023,Male,63,Old,Electronics,Headphones,3,500,1500
677,10/27/2023,Female,19,Adolescent,Beauty,Perfume,3,500,1500
678,12/23/2023,Female,60,Old,Electronics,Headphones,3,300,900
679,01/11/2023,Female,18,Adolescent,Beauty,Perfume,3,30,90
680,10/22/2023,Female,53,Middle Age,Clothing,Cap,3,300,900
681,7/14/2023,Female,43,Middle Age,Electronics,Laptop,2,30,60
682,09/02/2023,Male,46,Middle Age,Beauty,Cream,4,300,1200
683,01/04/2023,Male,38,Middle Age,Beauty,Perfume,2,500,1000
684,6/30/2023,Female,28,Adolescent,Clothing,Cap,2,500,1000
685,06/02/2023,Male,57,Old,Electronics,Laptop,2,25,50
686,7/19/2023,Female,28,Adolescent,Electronics,Headphones,4,50,200
687,08/03/2023,Female,53,Middle Age,Electronics,Laptop,1,300,300
688,10/03/2023,Male,56,Old,Clothing,Cap,4,25,100
689,10/07/2023,Male,57,Old,Electronics,Laptop,2,50,100
690,11/05/2023,Female,52,Middle Age,Clothing,Cap,3,300,900
691,4/23/2023,Female,51,Middle Age,Clothing,T-Shirt,3,30,90
692,09/07/2023,Female,64,Old,Clothing,Cap,2,50,100
693,4/23/2023,Male,41,Middle Age,Beauty,Perfume,3,500,1500
694,5/20/2023,Female,39,Middle Age,Electronics,Headphones,2,25,50
695,08/12/2023,Female,22,Adolescent,Electronics,Laptop,3,50,150
696,09/06/2023,Female,50,Middle Age,Clothing,Cap,4,50,200
697,1/15/2023,Male,53,Middle Age,Clothing,T-Shirt,1,500,500
698,7/19/2023,Female,64,Old,Electronics,Headphones,1,300,300
699,6/22/2023,Female,37,Middle Age,Clothing,T-Shirt,4,30,120
700,12/09/2023,Male,36,Middle Age,Electronics,Headphones,4,500,2000
701,12/14/2023,Female,52,Middle Age,Beauty,Perfume,2,30,60
702,7/27/2023,Female,60,Old,Clothing,Cap,2,300,600
703,3/26/2023,Male,34,Middle Age,Electronics,Laptop,2,50,100
704,8/28/2023,Female,62,Old,Clothing,Cap,3,30,90
705,03/07/2023,Male,60,Old,Electronics,Laptop,2,25,50
706,11/15/2023,Male,51,Middle Age,Electronics,Headphones,4,25,100
707,10/01/2023,Female,26,Adolescent,Clothing,T-Shirt,1,500,500
708,1/14/2023,Female,43,Middle Age,Beauty,Cream,3,300,900
709,7/21/2023,Female,19,Adolescent,Electronics,Laptop,2,500,1000
710,10/31/2023,Female,26,Adolescent,Electronics,Headphones,3,500,1500
711,10/16/2023,Male,26,Adolescent,Electronics,Laptop,3,500,1500
712,12/06/2023,Female,57,Old,Beauty,Cream,2,25,50
713,1/14/2023,Male,34,Middle Age,Beauty,Perfume,3,25,75
714,02/12/2023,Female,18,Adolescent,Clothing,Cap,1,500,500
715,11/26/2023,Female,42,Middle Age,Beauty,Perfume,4,25,100
716,08/08/2023,Female,60,Old,Clothing,Cap,4,300,1200
717,03/11/2023,Male,57,Old,Clothing,T-Shirt,1,500,500
718,8/25/2023,Female,59,Old,Beauty,Cream,3,25,75
719,04/04/2023,Female,42,Middle Age,Clothing,T-Shirt,2,30,60
720,1/26/2023,Female,56,Old,Beauty,Cream,3,500,1500
721,5/14/2023,Female,52,Middle Age,Clothing,T-Shirt,1,500,500
722,7/14/2023,Male,20,Adolescent,Beauty,Cream,3,300,900
723,6/17/2023,Female,54,Middle Age,Beauty,Perfume,4,50,200
724,4/19/2023,Male,61,Old,Clothing,Cap,3,50,150
725,8/21/2023,Male,61,Old,Electronics,Laptop,1,300,300
726,6/17/2023,Male,47,Middle Age,Clothing,Cap,4,300,1200
727,6/22/2023,Male,55,Old,Beauty,Perfume,3,300,900
728,7/14/2023,Male,51,Middle Age,Electronics,Headphones,3,50,150
729,5/23/2023,Male,29,Adolescent,Clothing,T-Shirt,4,300,1200
730,08/04/2023,Female,36,Middle Age,Clothing,Cap,2,25,50
731,05/10/2023,Male,54,Middle Age,Clothing,T-Shirt,4,500,2000
732,02/11/2023,Male,61,Old,Electronics,Headphones,2,500,1000
733,8/29/2023,Male,34,Middle Age,Beauty,Perfume,1,30,30
734,01/10/2023,Female,27,Adolescent,Clothing,Cap,1,30,30
735,10/04/2023,Female,64,Old,Clothing,T-Shirt,4,500,2000
736,1/27/2023,Male,29,Adolescent,Clothing,Cap,4,25,100
737,6/29/2023,Female,33,Middle Age,Clothing,T-Shirt,1,50,50
738,4/25/2023,Male,41,Middle Age,Clothing,Cap,2,50,100
739,11/29/2023,Male,36,Middle Age,Beauty,Perfume,1,25,25
740,02/05/2023,Female,25,Adolescent,Beauty,Cream,4,50,200
741,11/30/2023,Male,48,Middle Age,Clothing,T-Shirt,1,300,300
742,1/21/2023,Female,38,Middle Age,Electronics,Headphones,4,500,2000
743,1/16/2023,Female,34,Middle Age,Beauty,Perfume,4,500,2000
744,05/07/2023,Male,40,Middle Age,Electronics,Headphones,1,25,25
745,4/13/2023,Male,54,Middle Age,Beauty,Perfume,2,50,100
746,01/11/2023,Female,33,Middle Age,Clothing,Cap,3,30,90
747,11/15/2023,Male,23,Adolescent,Beauty,Perfume,1,30,30
748,3/20/2023,Male,25,Adolescent,Clothing,Cap,3,50,150
749,05/03/2023,Male,42,Middle Age,Beauty,Perfume,1,30,30
750,03/06/2023,Female,35,Middle Age,Clothing,Cap,3,25,75
751,8/31/2023,Female,42,Middle Age,Clothing,T-Shirt,2,25,50
752,12/09/2023,Male,29,Adolescent,Clothing,Cap,2,50,100
753,2/28/2023,Female,32,Middle Age,Clothing,T-Shirt,1,30,30
754,10/16/2023,Female,43,Middle Age,Electronics,Headphones,4,25,100
755,4/22/2023,Female,58,Old,Clothing,T-Shirt,3,25,75
756,8/27/2023,Female,62,Old,Electronics,Headphones,4,300,1200
757,12/25/2023,Female,43,Middle Age,Electronics,Laptop,4,300,1200
758,05/12/2023,Male,64,Old,Clothing,Cap,4,25,100
759,07/08/2023,Male,49,Middle Age,Electronics,Laptop,2,50,100
760,3/27/2023,Male,27,Adolescent,Beauty,Cream,1,500,500
761,11/07/2023,Female,33,Middle Age,Clothing,T-Shirt,1,500,500
762,11/07/2023,Female,24,Adolescent,Electronics,Headphones,2,25,50
763,2/28/2023,Male,34,Middle Age,Clothing,T-Shirt,2,25,50
764,3/25/2023,Female,40,Middle Age,Clothing,Cap,1,25,25
765,06/09/2023,Male,43,Middle Age,Clothing,T-Shirt,4,50,200
766,2/25/2023,Male,38,Middle Age,Electronics,Headphones,3,300,900
767,10/24/2023,Male,39,Middle Age,Beauty,Perfume,3,25,75
768,1/14/2023,Female,24,Adolescent,Beauty,Cream,3,25,75
769,06/09/2023,Female,31,Adolescent,Electronics,Laptop,4,30,120
770,10/22/2023,Male,32,Middle Age,Clothing,Cap,1,50,50
771,12/13/2023,Male,24,Adolescent,Electronics,Laptop,2,25,50
772,07/12/2023,Male,26,Adolescent,Electronics,Headphones,1,30,30
773,7/23/2023,Male,25,Adolescent,Electronics,Laptop,4,500,2000
774,04/12/2023,Female,40,Middle Age,Clothing,Cap,2,25,50
775,02/08/2023,Female,46,Middle Age,Electronics,Laptop,4,25,100
776,10/31/2023,Male,35,Middle Age,Clothing,Cap,3,30,90
777,12/20/2023,Male,48,Middle Age,Electronics,Laptop,3,50,150
778,11/18/2023,Female,47,Middle Age,Beauty,Cream,4,25,100
779,05/05/2023,Female,56,Old,Electronics,Laptop,2,500,1000
780,2/22/2023,Male,52,Middle Age,Electronics,Headphones,2,25,50
781,12/23/2023,Male,35,Middle Age,Beauty,Perfume,1,500,500
782,06/04/2023,Male,59,Old,Clothing,Cap,3,300,900
783,12/17/2023,Female,56,Old,Clothing,T-Shirt,1,300,300
784,11/04/2023,Female,34,Middle Age,Electronics,Headphones,1,500,500
785,03/03/2023,Female,31,Adolescent,Beauty,Perfume,4,50,200
786,10/17/2023,Male,48,Middle Age,Clothing,Cap,4,25,100
787,1/22/2023,Male,41,Middle Age,Electronics,Laptop,1,25,25
788,6/27/2023,Female,52,Middle Age,Beauty,Cream,3,300,900
789,9/30/2023,Female,61,Old,Clothing,T-Shirt,4,500,2000
790,08/08/2023,Male,62,Old,Clothing,Cap,1,25,25
791,12/05/2023,Female,51,Middle Age,Beauty,Perfume,1,25,25
792,07/09/2023,Female,20,Adolescent,Beauty,Cream,1,50,50
793,02/05/2023,Male,54,Middle Age,Beauty,Perfume,1,30,30
794,9/17/2023,Female,60,Old,Beauty,Cream,1,300,300
795,11/28/2023,Male,57,Old,Electronics,Laptop,1,300,300
796,6/24/2023,Male,43,Middle Age,Beauty,Cream,4,30,120
797,01/07/2023,Male,40,Middle Age,Clothing,T-Shirt,3,25,75
798,08/04/2023,Male,61,Old,Clothing,Cap,1,50,50
799,09/08/2023,Male,56,Old,Electronics,Laptop,2,50,100
800,2/24/2023,Male,32,Middle Age,Clothing,Cap,4,300,1200
801,08/10/2023,Male,21,Adolescent,Clothing,T-Shirt,4,50,200
802,07/05/2023,Female,46,Middle Age,Beauty,Cream,1,30,30
803,11/22/2023,Male,39,Middle Age,Clothing,T-Shirt,4,25,100
804,8/24/2023,Male,42,Middle Age,Electronics,Headphones,1,30,30
805,12/29/2023,Female,30,Adolescent,Beauty,Perfume,3,500,1500
806,3/20/2023,Female,35,Middle Age,Beauty,Cream,3,300,900
807,08/11/2023,Female,50,Middle Age,Electronics,Laptop,4,50,200
808,04/01/2023,Male,33,Middle Age,Beauty,Cream,4,500,2000
809,9/25/2023,Female,62,Old,Beauty,Perfume,2,50,100
810,11/30/2023,Male,59,Old,Electronics,Headphones,4,25,100
811,5/19/2023,Male,61,Old,Beauty,Perfume,2,25,50
812,11/12/2023,Male,19,Adolescent,Electronics,Headphones,3,25,75
813,10/03/2023,Male,52,Middle Age,Electronics,Laptop,3,50,150
814,09/05/2023,Female,59,Old,Clothing,Cap,1,500,500
815,8/27/2023,Female,51,Middle Age,Clothing,T-Shirt,3,25,75
816,08/12/2023,Male,47,Middle Age,Beauty,Cream,2,500,1000
817,10/31/2023,Male,30,Adolescent,Beauty,Perfume,4,50,200
818,5/18/2023,Male,30,Adolescent,Electronics,Headphones,1,500,500
819,6/15/2023,Female,35,Middle Age,Beauty,Perfume,2,50,100
820,05/06/2023,Male,49,Middle Age,Electronics,Headphones,4,50,200
821,2/14/2023,Male,49,Middle Age,Electronics,Laptop,1,300,300
822,5/23/2023,Female,52,Middle Age,Beauty,Cream,3,50,150
823,8/19/2023,Female,56,Old,Electronics,Laptop,2,50,100
824,05/05/2023,Male,63,Old,Clothing,Cap,4,30,120
825,8/26/2023,Female,46,Middle Age,Beauty,Perfume,1,25,25
826,10/19/2023,Female,46,Middle Age,Clothing,Cap,1,300,300
827,11/09/2023,Male,61,Old,Beauty,Perfume,3,300,900
828,12/09/2023,Female,33,Middle Age,Electronics,Headphones,4,300,1200
829,7/14/2023,Male,61,Old,Beauty,Perfume,3,30,90
830,6/22/2023,Female,64,Old,Clothing,Cap,3,50,150
831,1/15/2023,Male,27,Adolescent,Electronics,Laptop,4,25,100
832,09/11/2023,Male,47,Middle Age,Beauty,Cream,4,500,2000
833,6/16/2023,Male,42,Middle Age,Beauty,Perfume,4,50,200
834,04/04/2023,Female,56,Old,Beauty,Cream,2,30,60
835,09/07/2023,Male,37,Middle Age,Clothing,T-Shirt,4,50,200
836,4/19/2023,Female,22,Adolescent,Clothing,Cap,1,50,50
837,07/01/2023,Male,18,Adolescent,Beauty,Perfume,3,30,90
838,5/13/2023,Male,47,Middle Age,Electronics,Headphones,2,300,600
839,6/24/2023,Female,20,Adolescent,Electronics,Laptop,4,300,1200
840,5/24/2023,Male,62,Old,Clothing,Cap,2,25,50
841,11/02/2023,Male,31,Adolescent,Electronics,Laptop,4,25,100
842,12/26/2023,Female,47,Middle Age,Clothing,Cap,2,300,600
843,5/22/2023,Male,21,Adolescent,Beauty,Perfume,3,500,1500
844,10/12/2023,Male,35,Middle Age,Clothing,Cap,3,50,150
845,01/06/2023,Male,54,Middle Age,Clothing,T-Shirt,1,500,500
846,9/22/2023,Male,42,Middle Age,Beauty,Cream,1,50,50
847,04/08/2023,Female,18,Adolescent,Electronics,Laptop,4,300,1200
848,2/13/2023,Female,63,Old,Clothing,Cap,3,25,75
849,05/04/2023,Male,32,Middle Age,Clothing,T-Shirt,2,25,50
850,7/28/2023,Female,26,Adolescent,Beauty,Cream,2,500,1000
851,09/08/2023,Male,32,Middle Age,Electronics,Laptop,2,25,50
852,10/12/2023,Female,41,Middle Age,Clothing,Cap,1,300,300
853,05/04/2023,Male,21,Adolescent,Beauty,Perfume,2,500,1000
854,12/20/2023,Male,29,Adolescent,Clothing,Cap,1,50,50
855,09/01/2023,Male,54,Middle Age,Beauty,Perfume,1,25,25
856,11/27/2023,Male,54,Middle Age,Electronics,Headphones,4,30,120
857,12/31/2023,Male,60,Old,Electronics,Laptop,2,25,50
858,09/09/2023,Male,23,Adolescent,Electronics,Headphones,2,50,100
859,8/18/2023,Female,56,Old,Electronics,Laptop,3,500,1500
860,01/09/2023,Male,63,Old,Clothing,Cap,4,50,200
861,2/17/2023,Female,41,Middle Age,Clothing,T-Shirt,3,30,90
862,5/31/2023,Male,28,Adolescent,Electronics,Headphones,4,300,1200
863,4/24/2023,Female,30,Adolescent,Electronics,Laptop,2,25,50
864,7/27/2023,Female,51,Middle Age,Electronics,Headphones,1,500,500
865,12/21/2023,Female,42,Middle Age,Clothing,T-Shirt,1,300,300
866,05/05/2023,Male,24,Adolescent,Electronics,Headphones,1,50,50
867,06/06/2023,Male,21,Adolescent,Electronics,Laptop,1,500,500
868,12/06/2023,Female,25,Adolescent,Electronics,Headphones,1,300,300
869,10/25/2023,Male,37,Middle Age,Beauty,Perfume,3,500,1500
870,07/08/2023,Female,46,Middle Age,Electronics,Headphones,4,30,120
871,8/31/2023,Male,62,Old,Beauty,Perfume,2,30,60
872,10/11/2023,Female,63,Old,Beauty,Cream,3,25,75
873,9/29/2023,Female,27,Adolescent,Electronics,Laptop,4,25,100
874,6/26/2023,Male,60,Old,Beauty,Cream,1,30,30
875,08/06/2023,Female,51,Middle Age,Electronics,Laptop,4,500,2000
876,10/09/2023,Male,43,Middle Age,Clothing,Cap,4,30,120
877,6/19/2023,Female,58,Old,Clothing,T-Shirt,1,25,25
878,6/30/2023,Female,20,Adolescent,Clothing,Cap,1,30,30
879,12/26/2023,Male,23,Adolescent,Clothing,T-Shirt,1,30,30
880,8/21/2023,Male,22,Adolescent,Beauty,Cream,2,500,1000
881,5/19/2023,Male,22,Adolescent,Electronics,Laptop,1,300,300
882,06/06/2023,Female,64,Old,Electronics,Headphones,2,25,50
883,05/09/2023,Male,40,Middle Age,Electronics,Laptop,1,500,500
884,4/29/2023,Female,26,Adolescent,Clothing,Cap,2,30,60
885,03/03/2023,Female,52,Middle Age,Clothing,T-Shirt,4,30,120
886,04/09/2023,Male,37,Middle Age,Electronics,Headphones,3,300,900
887,06/11/2023,Male,59,Old,Clothing,T-Shirt,4,25,100
888,03/03/2023,Female,52,Middle Age,Electronics,Headphones,4,25,100
889,10/02/2023,Female,35,Middle Age,Electronics,Laptop,1,50,50
890,12/20/2023,Male,34,Middle Age,Electronics,Headphones,2,25,50
891,04/05/2023,Male,41,Middle Age,Electronics,Laptop,3,300,900
892,04/09/2023,Male,20,Adolescent,Electronics,Headphones,1,50,50
893,4/21/2023,Male,49,Middle Age,Electronics,Laptop,1,50,50
894,09/05/2023,Male,52,Middle Age,Electronics,Headphones,1,30,30
895,5/22/2023,Female,55,Old,Clothing,T-Shirt,4,30,120
896,10/29/2023,Female,30,Adolescent,Electronics,Headphones,2,25,50
897,9/26/2023,Female,64,Old,Electronics,Laptop,2,50,100
898,11/02/2023,Female,42,Middle Age,Clothing,Cap,3,30,90
899,5/25/2023,Male,26,Adolescent,Clothing,T-Shirt,2,300,600
900,2/21/2023,Male,21,Adolescent,Clothing,Cap,2,30,60
901,04/10/2023,Male,31,Adolescent,Electronics,Laptop,1,30,30
902,06/01/2023,Female,54,Middle Age,Beauty,Cream,1,50,50
903,4/27/2023,Female,51,Middle Age,Beauty,Perfume,4,50,200
904,07/04/2023,Male,28,Adolescent,Clothing,Cap,1,500,500
905,04/02/2023,Male,58,Old,Beauty,Perfume,1,300,300
906,06/04/2023,Female,20,Adolescent,Clothing,Cap,1,50,50
907,01/08/2023,Female,45,Middle Age,Electronics,Laptop,1,25,25
908,12/29/2023,Male,46,Middle Age,Beauty,Cream,4,300,1200
909,10/01/2023,Male,26,Adolescent,Electronics,Laptop,1,300,300
910,03/06/2023,Female,20,Adolescent,Beauty,Cream,3,50,150
911,5/21/2023,Male,42,Middle Age,Electronics,Laptop,3,300,900
912,1/24/2023,Male,51,Middle Age,Beauty,Cream,3,50,150
913,1/28/2023,Male,29,Adolescent,Electronics,Laptop,3,30,90
914,10/11/2023,Female,59,Old,Electronics,Headphones,1,500,500
915,5/30/2023,Female,26,Adolescent,Beauty,Perfume,3,30,90
916,12/24/2023,Female,32,Middle Age,Electronics,Headphones,1,50,50
917,03/06/2023,Female,57,Old,Electronics,Laptop,4,50,200
918,11/23/2023,Female,42,Middle Age,Electronics,Headphones,3,30,90
919,09/09/2023,Female,22,Adolescent,Beauty,Perfume,2,25,50
920,2/22/2023,Female,28,Adolescent,Beauty,Cream,3,25,75
921,01/07/2023,Male,51,Middle Age,Electronics,Laptop,3,25,75
922,10/21/2023,Male,41,Middle Age,Electronics,Headphones,1,50,50
923,5/26/2023,Male,32,Middle Age,Beauty,Perfume,3,300,900
924,8/29/2023,Male,55,Old,Beauty,Cream,2,50,100
925,09/03/2023,Male,25,Adolescent,Electronics,Laptop,1,300,300
926,8/14/2023,Male,22,Adolescent,Electronics,Headphones,1,30,30
927,6/24/2023,Male,43,Middle Age,Electronics,Laptop,4,500,2000
928,04/05/2023,Female,35,Middle Age,Clothing,Cap,4,300,1200
929,1/27/2023,Female,23,Adolescent,Beauty,Perfume,3,25,75
930,05/10/2023,Male,54,Middle Age,Clothing,Cap,4,50,200
931,09/02/2023,Male,30,Adolescent,Beauty,Perfume,4,30,120
932,2/28/2023,Female,45,Middle Age,Beauty,Cream,4,25,100
933,02/03/2023,Male,22,Adolescent,Beauty,Perfume,1,30,30
934,7/25/2023,Male,30,Adolescent,Beauty,Cream,1,500,500
935,09/09/2023,Female,34,Middle Age,Beauty,Perfume,1,50,50
936,02/07/2023,Male,57,Old,Beauty,Cream,4,50,200
937,10/23/2023,Female,62,Old,Beauty,Perfume,1,500,500
938,11/19/2023,Male,49,Middle Age,Clothing,Cap,4,50,200
939,12/18/2023,Female,46,Middle Age,Electronics,Laptop,1,300,300
940,1/28/2023,Female,20,Adolescent,Electronics,Headphones,1,30,30
941,3/19/2023,Female,57,Old,Clothing,T-Shirt,2,25,50
942,3/18/2023,Male,51,Middle Age,Clothing,Cap,3,500,1500
943,10/16/2023,Female,57,Old,Clothing,T-Shirt,4,300,1200
944,06/05/2023,Male,44,Middle Age,Clothing,Cap,2,25,50
945,2/13/2023,Male,30,Adolescent,Beauty,Perfume,1,25,25
946,05/08/2023,Male,62,Old,Electronics,Headphones,4,500,2000
947,03/02/2023,Male,50,Middle Age,Beauty,Perfume,1,300,300
948,10/13/2023,Female,23,Adolescent,Electronics,Headphones,3,25,75
949,08/02/2023,Female,41,Middle Age,Electronics,Laptop,2,25,50
950,11/07/2023,Male,36,Middle Age,Clothing,Cap,3,300,900
951,11/02/2023,Male,33,Middle Age,Beauty,Perfume,2,50,100
952,11/13/2023,Female,57,Old,Clothing,Cap,1,25,25
953,4/26/2023,Male,45,Middle Age,Beauty,Perfume,3,30,90
954,9/25/2023,Female,50,Middle Age,Electronics,Headphones,3,300,900
955,7/14/2023,Male,58,Old,Clothing,T-Shirt,1,25,25
956,8/19/2023,Male,30,Adolescent,Clothing,Cap,3,500,1500
957,8/15/2023,Female,60,Old,Electronics,Laptop,4,30,120
958,06/02/2023,Male,62,Old,Electronics,Headphones,2,25,50
959,10/29/2023,Female,42,Middle Age,Electronics,Laptop,2,30,60
960,08/08/2023,Male,59,Old,Clothing,Cap,2,30,60
961,06/06/2023,Male,53,Middle Age,Beauty,Perfume,4,50,200
962,10/19/2023,Male,44,Middle Age,Clothing,Cap,2,30,60
963,11/14/2023,Female,55,Old,Beauty,Perfume,1,50,50
964,1/31/2023,Male,24,Adolescent,Clothing,Cap,3,300,900
965,11/09/2023,Male,22,Adolescent,Clothing,T-Shirt,4,50,200
966,2/20/2023,Male,60,Old,Electronics,Headphones,2,500,1000
967,4/17/2023,Male,62,Old,Beauty,Perfume,1,25,25
968,11/17/2023,Female,48,Middle Age,Clothing,Cap,3,300,900
969,4/19/2023,Female,40,Middle Age,Clothing,T-Shirt,3,300,900
970,5/16/2023,Male,59,Old,Electronics,Headphones,4,500,2000
971,12/05/2023,Female,27,Adolescent,Electronics,Laptop,4,50,200
972,02/11/2023,Male,49,Middle Age,Beauty,Cream,4,25,100
973,3/22/2023,Male,60,Old,Clothing,T-Shirt,1,50,50
974,05/03/2023,Male,47,Middle Age,Beauty,Cream,1,30,30
975,3/30/2023,Female,56,Old,Clothing,T-Shirt,4,50,200
976,10/10/2023,Female,48,Middle Age,Beauty,Cream,2,300,600
977,02/08/2023,Female,35,Middle Age,Electronics,Laptop,3,25,75
978,3/22/2023,Female,53,Middle Age,Clothing,Cap,3,50,150
979,01/02/2023,Female,19,Adolescent,Beauty,Perfume,1,25,25
980,7/29/2023,Female,31,Adolescent,Electronics,Headphones,3,25,75
981,8/19/2023,Female,30,Adolescent,Electronics,Laptop,2,30,60
982,12/19/2023,Female,46,Middle Age,Beauty,Cream,3,30,90
983,11/01/2023,Female,29,Adolescent,Clothing,T-Shirt,1,300,300
984,8/29/2023,Male,56,Old,Clothing,Cap,1,500,500
985,5/30/2023,Female,19,Adolescent,Electronics,Laptop,2,25,50
986,1/17/2023,Female,49,Middle Age,Clothing,Cap,2,500,1000
987,4/29/2023,Female,30,Adolescent,Clothing,T-Shirt,3,300,900
988,5/28/2023,Female,63,Old,Clothing,Cap,3,25,75
989,12/28/2023,Female,44,Middle Age,Electronics,Laptop,1,25,25
990,5/25/2023,Female,58,Old,Beauty,Cream,2,500,1000
991,12/26/2023,Female,34,Middle Age,Clothing,T-Shirt,2,50,100
992,8/21/2023,Female,57,Old,Electronics,Headphones,2,30,60
993,02/06/2023,Female,48,Middle Age,Electronics,Laptop,3,50,150
994,12/18/2023,Female,51,Middle Age,Beauty,Cream,2,500,1000
995,4/30/2023,Female,41,Middle Age,Clothing,T-Shirt,1,30,30
996,5/16/2023,Male,62,Old,Clothing,Cap,1,50,50
997,11/17/2023,Male,52,Middle Age,Beauty,Perfume,3,30,90
998,10/29/2023,Female,23,Adolescent,Beauty,Cream,4,25,100
999,12/05/2023,Female,36,Middle Age,Electronics,Laptop,3,50,150
1000,04/12/2023,Male,47,Middle Age,Electronics,Headphones,4,30,120